Klass;Ordning;Familj;Art;Kön;Latinskt namn;Lokal;Län;Datum;Bild;Kommentar;
Fåglar;Tättingar;Kråkfåglar;Skata;;Pica pica;Råstasjön;Uppland;2009-05-15;image067.jpg;;
Fåglar;Tättingar;Kråkfåglar;Kråka;;Corvus corone;Råstasjön;Uppland;2009-05-15;image068.jpg;;
Fåglar;Tättingar;Kråkfåglar;Råka;;Corvus frugilegus;Verkeån;Skåne;2010-05-19;image066.jpg;;
Fåglar;Tättingar;Kråkfåglar;Lavskrika;;Perisoreus infaustus;Ånnsjön;Jämtland;2010-06-16;image069.jpg;;
Fåglar;Tättingar;Kråkfåglar;Kaja;;Corvus monedula;Ottenby;Öland;2009-07-12;image070.jpg;;
Fåglar;Tättingar;Kråkfåglar;Nötskrika;;Garrulus glandarius;Källhagen;Sörmland;2018-04-28;image301.jpg;;
;Tättingar;Kråkfåglar;;;;;;;;;
;Tättingar;Kråkfåglar;;;;;;;;;
Fåglar;Tättingar;Mesar;Talgoxe;;Parus major;Källhagen;Sörmland;2019-05-07;image1003.JPG;;
;Tättingar;Mesar;Blåmes;;Parus caeruleus;Djurgården;Uppland;2018-09-03;image430.jpg;;
Fåglar;Tättingar;Starar;Stare;;Sturnus vulgaris;Råstasjön;Uppland;2009-05-15;image73.jpg;;
Fåglar;Tättingar;Nötväckor;Nötväcka;;Sitta europaea;Källhagen;Sörmland;2018-08-05;image431.jpg;;
Fåglar;Andfåglar;Änder, gäss och svanar;Kanadagås;;Branta candensis;Råstasjön;Uppland;2009-05-15;image059.jpg;;
Fåglar;Andfåglar;Änder, gäss och svanar;Vitkindad gås;;Branta leucopsis;Råstasjön;Uppland;2009-05-15;image058.jpg;;
Fåglar;Andfåglar;Änder, gäss och svanar;Knölsvan;;Cygnus olor;Råstasjön;Uppland;2009-05-15;image060.jpg;;
Fåglar;Andfåglar;Änder, gäss och svanar;Snatterand;hane/hona;Anas strepera;Lötsjön;Uppland;2009-05-15;image062.jpg;;
Fåglar;Andfåglar;Änder, gäss och svanar;Storskrake;hona;Mergus merganser;Visby;Gotland;2008-06-15;image057.jpg;;
Fåglar;Andfåglar;Änder, gäss och svanar;Ejder;hona;Somateris molissima;Stora Karlsö;Gotland;2008-06-13;image061.jpg;;
Fåglar;Andfåglar;Änder, gäss och svanar;Sångsvan;;Cygnus cygnus;Söderåsen;Skåne;2010-05-22;image063.jpg;;
Fåglar;Andfåglar;Änder, gäss och svanar;Gräsand;hane;Anas platyrynchos;Söderåsen;Skåne;2010-05-22;image064.jpg;;
Fåglar;Andfåglar;Änder, gäss och svanar;Gräsand med ungar;hona;Anas platyrynchos;Långsjön;Sörmland;2020-05-27;image512.jpg;;
Fåglar;Andfåglar;Änder, gäss och svanar;Knipa;hona;Bucephala clangula;Furudal;Dalarna;2013-05-31;image065.jpg;;
Fåglar;Andfåglar;Änder, gäss och svanar;Grågås;;Anser anser;Källahamn;Öland;2018-05-25;image399.jpg;;
;Andfåglar;Änder, gäss och svanar;Vigg;hona;Ayhya fuligula;Djurgården;Uppland;2018-09-03;image429.jpg.jpg;;
;Andfåglar;Änder, gäss och svanar;Vigg;hane/hona;Ayhya fuligula;Långsjön;Sörmland;2020-04-24;image514.jpg;;
;Andfåglar;Änder, gäss och svanar;;;;;;;;;
;Andfåglar;Änder, gäss och svanar;;;;;;;;;
;Andfåglar;Änder, gäss och svanar;;;;;;;;;
;Andfåglar;Änder, gäss och svanar;;;;;;;;;
;Andfåglar;Änder, gäss och svanar;;;;;;;;;
;Andfåglar;Änder, gäss och svanar;;;;;;;;;
Fåglar;Tättingar;Trastfåglar;Björktrast;;Turdus pilaris;Råstasjön;Uppland;2009-05-15;image072.jpg;;
Fåglar;Tättingar;Trastfåglar;Koltrast;hane;Turdus merula;Källhagen;Sörmland;2009-05-17;image071.jpg;;
;Tättingar;Trastfåglar;Koltrast;hona;Turdus merula;Källhagen;Sörmland;2019-08-06;image1027.JPG;;
;Tättingar;Trastfåglar;Taltrast;;Turdus philomelos;Källhagen;Sörmland;2018-04-28;image300.jpg;;
;Tättingar;Trastfåglar;Rödhake;;Erithacus rubecula;Källhagen;Sörmland;2019-04-26;image1001.JPG;;
;Tättingar;Trastfåglar;Rödstjärt;Hane;Poenicurus poenicurus;Källhagen;Sörmland;2019-07-22;image515.jpg;;
;Tättingar;Trastfåglar;Rödstjärt;hona;Poenicurus poenicurus;Källhagen;Sörmland;2019-07-22;image516.JPG;;
;Tättingar;Trastfåglar;;;;;;;;;
;Tättingar;Trastfåglar;;;;;;;;;
;Tättingar;Trastfåglar;;;;;;;;;
Fåglar;Tättingar;Ärlor;Sädesärla;;Motacilla alba;Djurgården;Uppland;2018-09-03;image425.jpg;;
;Tättingar;Ärlor;Gulärla;;Motacilla flava;Håslövs ängar;Skåne;2010-05-18;image086.jpg;;
;Tättingar;Ärlor;;;;;;;;;
;Tättingar;Ärlor;;;;;;;;;
;Tättingar;Ärlor;;;;;;;;;
;Tättingar;Ärlor;;;;;;;;;
;Tättingar;Ärlor;;;;;;;;;
;Tättingar;Ärlor;;;;;;;;;
Fåglar;Tättingar;Sparvfinkar;Gråsparv;hane;Passer domesticus;;;;;;
;Tättingar;Sparvfinkar;Gråsparv;hona;Passer domesticus;Djurgården;Uppland;2018-09-03;image427.jpg;;
;Tättingar;Sparvfinkar;Pilfink;;Passer montanus;Källhagen;Sörmland;2020-05-26;image505.jpg;;
Fåglar;Tättingar;Svalor;Ladusvala;;Hirundo rutica;Källahamn;Öland;2014-07-16;image089.jpg;;
;Tättingar;Svalor;Hussvala;;Delichon urbica;;;;;;
;Tättingar;Svalor;Backsvala;;Riparia riparia;;;;;;
Fåglar;Tätttingar;Törnskator;Törnskata;hona;Lanius collurius;Trollskogen;Öland;2017-08-05;image394.jpg;;
;Tättingar;Törnskator;Varfågel;;Lanius excubitor;;;;;;
Fåglar;Sulfåglar;Skarvar;Storskarv;;Phalacrocorax carbo;Ornö;Sörmland;2013-08-02;image083.jpg;;
Fåglar;Storkfåglar;Egentliga storkar;Vit stork;;Ciconia ciconia;Vombsjön;Skåne;2010-05-21;image082.jpg;;
Fåglar;Doppingar;Doppingar;Skäggdopping;;Podiceps cristatus;;;;;;
Fåglar;Doppingar;Doppingar;;;;;;;;;
Fåglar;Doppingar;Doppingar;;;;;;;;;
Fåglar;Doppingar;Doppingar;;;;;;;;;
Fåglar;Doppingar;Doppingar;;;;;;;;;
Fåglar;Tran-och rallfåglar;Rallar;Sothöna;;Fulica atra;Råstasjön;Uppland;2009-05-15;image074.jpg;;
;Tran-och rallfåglar;Rallar;;;;;;;;;
;Tran-och rallfåglar;Rallar;;;;;;;;;
;Tran-och rallfåglar;Rallar;;;;;;;;;
;Tran-och rallfåglar;Rallar;;;;;;;;;
Fåglar;Hönsfåglar;Fälthöns;Fasan;hane;Phasianus colchicus;Grankullavik;Öland;2009-05-20;image088.jpg;;
;Hönsfåglar;Fälthöns;;;;;;;;;
;Hönsfåglar;Fälthöns;;;;;;;;;
;Hönsfåglar;Fälthöns;;;;;;;;;
Fåglar;Vadarfåglar;Alkor;Sillgrissla;;Uria aalge;Stora Karlsö;Gotland;2011-05-28;image076.jpg;;
;Vadarfåglar;Alkor;Tordmule;;Alca torda;Stora Karlsö;Gotland;2011-05-28;image075.jpg;;
;Vadarfåglar;Alkor;;;;;;;;;
Fåglar;Vadarfåglar;Måsar;Skrattmås;;Larus ridibundus;Visingsö;Småland;2011-06-27;image077.jpg;;
;Vadarfåglar;Måsar;Havstrut;;Larus marinus;Knisa;Öland;2018-05-23;image302.jpg;;
;Vadarfåglar;Måsar;Silltrut;;Larus fuscus;Djurgården;Uppland;2018-09-03;image428.jpg;;
;Vadarfåglar;Måsar;Fiskmås;;Larus canus;Nyckelviken;Sörmland;2020-05-08;image510.jpg;;
;Vadarfåglar;Måsar;;;;;;;;;
;Vadarfåglar;Måsar;;;;;;;;;
;Vadarfåglar;Måsar;;;;;;;;;
;Vadarfåglar;Måsar;;;;;;;;;
Fåglar;Vadarfåglar;Tärnor;Silvertärna;;Sterna paradisaea;Stora Karlsö;Gotland;2011-05-28;image078.jpg;;
;Vadarfåglar;Tärnor;Fisktärna;;Sterna hirundo;Oresjön;Dalarna;2013-06-01;image090.jpg;;
;Vadarfåglar;Tärnor;;;;;;;;;
;Vadarfåglar;Tärnor;;;;;;;;;
;Vadarfåglar;Tärnor;;;;;;;;;
;Vadarfåglar;Tärnor;;;;;;;;;
Fåglar;Vadarfåglar;Strandskator;Strandskata;;Haematopus ostralegus;Visby;Gotland;2008-06-14;image080.jpg;;
Fåglar;Vadarfåglar;Snäppor;Roskarl;;Arenaria interpres;Stora Karlsö;Gotland;2011-05-28;image081.jpg;;
;Vadarfåglar;Snäppor;;;;;;;;;
;Vadarfåglar;Snäppor;;;;;;;;;
;Vadarfåglar;Snäppor;;;;;;;;;
;Vadarfåglar;Snäppor;;;;;;;;;
;Vadarfåglar;Snäppor;;;;;;;;;
;Vadarfåglar;Snäppor;;;;;;;;;
;Vadarfåglar;Snäppor;;;;;;;;;
;Vadarfåglar;Snäppor;;;;;;;;;
Fåglar;Rovfåglar;Hökartade rovfåglar;Ormvråk;;Bueto bueto;Nybrostrand;Skåne;2014-07-04;image085.jpg;;
;Rovfåglar;Hökartade rovfåglar;Glada;;Milvus milvus;Ullstorp;Skåne;2014-07-02;image097.jpg;;
;Rovfåglar;Hökartade rovfåglar;;;;;;;;;
;Rovfåglar;Hökartade rovfåglar;;;;;;;;;
;Rovfåglar;Hökartade rovfåglar;;;;;;;;;
;Rovfåglar;Hökartade rovfåglar;;;;;;;;;
;Rovfåglar;Hökartade rovfåglar;;;;;;;;;
;Rovfåglar;Hökartade rovfåglar;;;;;;;;;
;Rovfåglar;Hökartade rovfåglar;;;;;;;;;
Fåglar;Rovfåglar;Falkar;Tornfalk;;Falco tinnunculus;Trollskogen;Öland;2017-08-05;image395.jpg;;
;Rovfåglar;Falkar;;;;;;;;;
;Rovfåglar;Falkar;;;;;;;;;
;Rovfåglar;Falkar;;;;;;;;;
;Rovfåglar;Falkar;;;;;;;;;
;Rovfåglar;Falkar;;;;;;;;;
Fåglar;Ugglefåglar;Ugglor;Hökuggla;;Surnia ulula;Bjuröklubb;Västebotten;2012-05-08;image092.jpg;;
;Ugglefåglar;Ugglor;;;;;;;;;
;Ugglefåglar;Ugglor;;;;;;;;;
;Ugglefåglar;Ugglor;;;;;;;;;
;Ugglefåglar;Ugglor;;;;;;;;;
;Ugglefåglar;Ugglor;;;;;;;;;
;Ugglefåglar;Ugglor;;;;;;;;;
;Ugglefåglar;Ugglor;;;;;;;;;
;Ugglefåglar;Ugglor;;;;;;;;;
Fåglar;Duvfåglar;Duvor;Ringduva;;Columba palumbus;Råstasjön;Uppland;2009-05-15;image084.jpg;;
;Duvfåglar;Duvor;;;;;;;;;
;Duvfåglar;Duvor;;;;;;;;;
;Duvfåglar;Duvor;;;;;;;;;
;Duvfåglar;Duvor;;;;;;;;;
Fåglar;Hackspettartade fåglar;Hackspettar;Gröngöling;hona;Picus viridis;Källhagen;Sörmland;2013-07-12;image091.jpg;;
;Hackspettartade fåglar;Hackspettar;;;;;;;;;
;Hackspettartade fåglar;Hackspettar;;;;;;;;;
;Hackspettartade fåglar;Hackspettar;;;;;;;;;
;Hackspettartade fåglar;Hackspettar;;;;;;;;;
;Hackspettartade fåglar;Hackspettar;;;;;;;;;
;Hackspettartade fåglar;Hackspettar;;;;;;;;;
;Hackspettartade fåglar;Hackspettar;;;;;;;;;
Fräkenartade växter;;Fräkenväxter;Skogsfräken;;Equisetum sylvaticum;Källhagen;Sörmland;2017-06-14;image470.jpg;;
;;Fräkenväxter;Kärrfräken;;Equisetum palustre;Knisa mosse;Öland;2018-05-23;image472.jpg;;
;;Fräkenväxter;;;;;;;;;
;;Fräkenväxter;;;;;;;;;
Ormbunksartade växter;;Ormbunkar;Örnbräken;;Pteridium aquilinum;Källhagen;Sörmland;2017-06-14;image423.jpg;;
;;Ormbunkar;Stensöta;;Polypodium vulgare;Velambsund;Sörmland;2018-08-22;image436.jpg;;
;;Ormbunkar;Träjon;;Dryopteris filix-mas;Nyckelviken;Sörmland;2023-07-20;image532.jpg;;
;;Ormbunkar;Lundbräken;;Dryopteris dilatata;Trollskogen;Öland;2017-08-05;image492.jpg;;
Fröväxter;Nakenfröiga;Barrväxter;Tall;;Pinus sylvestris;Järvafältet;Uppland;2018-05-10;image403.jpg;;
;Nakenfröiga;Barrväxter;Gran;;Picea abies;Källhagen;Sörmland;2018-09-08;image487.jpg;;
;Nakenfröiga;Barrväxter;En;;Juniperus communis;Högenäs orde;Öland;2017-08-03;image402.jpg;;
;Nakenfröiga;Barrväxter;Lärk;;Larix decidua;Kocktorp;Sörmland;2018-07-08;image404.jpg;;
;Nakenfröiga;Barrväxter;Idegran;;Taxus baccata;;;;;;
Fröväxter;Gömfröiga;Lövträd;Oxel;;Sorbus intermedia;Högenäs orde;Öland;2017-08-03;image409.jpg;;
;Gömfröiga;Lövträd;Rönn;;Sorbus aucuparia;Furudal;Dalarna;2017-09-01;image410.jpg;;
;Gömfröiga;Lövträd;Hägg;;Prunus padus;Källahamn;Öland;2018-05-21;image411.jpg;;
;Gömfröiga;Lövträd;Fågelbär;;Prunus avium;;;;;;
Fröväxter;Gömfröiga;Lövträd;Vildapel;;Malus sylvestris;;;;;;
Fröväxter;Gömfröiga;Lövträd;Alm;;Ulmus glabra;;;;;;
Fröväxter;Gömfröiga;Lövträd;Bok;;Fagus sylvatica;;;;;;
;Gömfröiga;Lövträd;Ek;;Quercus robus;Böda;Öland;2017-07-25;image406.jpg;;
;Gömfröiga;Lövträd;Vårtbjörk;;Betula pendula;Böda;Öland;2017-08-02;image407.jpg;;
;Gömfröiga;Lövträd;Glasbjörk;;Betula pubescens;;;;;;
;Gömfröiga;Lövträd;Gråal;;Alnus incana;;;;;;
;Gömfröiga;Lövträd;Klibbal;;Alnus glutinosa;;;;;;
;Gömfröiga;Lövträd;Avenbok;;Carpinus betulus;;;;;;
;Gömfröiga;Lövträd;Hassel;;Corylus avellana;Lilla Horn;Öland;2017-08-03;image408.jpg;;
;Gömfröiga;Lövträd;Asp;;Populus tremula;;;;;;
;Gömfröiga;Lövträd;Knäckepil;;Salix fragilis;Djurgården;Uppland;2018-09-04;image440.jpg;;
;Gömfröiga;Lövträd;Sälg;;Salix caprea;;;;;;
;Gömfröiga;Lövträd;Lönn;;Acer platanoides;Djurgården;Uppland;2018-09-04;image441.jpg;;
;Gömfröiga;Lövträd;Lind;;Tilia cordata;Lindreservatet;Öland;2018-05-22;image480.jpg;;
;Gömfröiga;Lövträd;Ask;;Fraxinus excelsioar;;;;;;
;Gömfröiga;Lövträd;Syren;;Syringa vulgaris;Källahamn;Öland;2018-05-21;image412.jpg;;
Fröväxter;Gömfröiga;Höga buskar;Gråvide;;Salix cinerea;;;;;;
;Gömfröiga;Höga buskar;Jolster;;Salix pentandra;;;;;;
;Gömfröiga;Höga buskar;Berberis;;Berberis vulgaris;;;;;;
;Gömfröiga;Höga buskar;Slån;;Prunus spinosa;Trollskogen;Öland;2017-08-05;image414.jpg;;
;Gömfröiga;Höga buskar;Oxbär;;Cotoeaster integerrimus;;;;;;
;Gömfröiga;Höga buskar;Ölandstok;;Potenilla fruticosa;Källhagen;Sörmland;2018-08-28;image438.jpg;;
;Gömfröiga;Höga buskar;Hallon;;Rubus idaeus;Eriksvik;Sörmland;2023-07-18;image531.jpg;;
;Gömfröiga;Höga buskar;Björnbär;;Rubus fruticosa;Böda;Öland;2017-08-02;image417.jpg;;
;Gömfröiga;Höga buskar;Nyponros;;Rosa dumalis;Djurgården;Uppland;2018-09-04;image443.jpg;;
Fröväxter;Gömfröiga;Höga buskar;Stenros;;Rosacanina;;;;;;
;Gömfröiga;Höga buskar;Vresros;;Rosarugosa;Saltsjö-Duvnäs;Sörmland;2017-08-24;image419.jpg;;
;Gömfröiga;Höga buskar;Benved;;Euonymus europaeus;;;;;;
;Gömfröiga;Höga buskar;Brakved;;Frangula alnus;Djurgården;Uppland;2018-09-04;image444.jpg;;
;Gömfröiga;Höga buskar;Havtorn;;Hippohae rhamnoides;;;;;;
;Gömfröiga;Höga buskar;Skogskornell;;Cornus sanguinea;;;;;;
;Gömfröiga;Höga buskar;Murgröna;;Hedera helix;Trollskogen;Öland;2017-08-05;image418.jpg;;
;Gömfröiga;Höga buskar;Vildkaprifol;;Lonicera periclymenum;;;;;;
;Gömfröiga;Höga buskar;Fläder;;Sambucus nigra;;;; ;;
Fröväxter;Gömfröiga;Höga buskar;Druvfläder;;Sambucus racemosa;Kocktorpssjön;Sörmland;2018-07-08;image415.jpg;;
;Gömfröiga;Höga buskar;Olvon;;Viburnum opulus;Djurgården;Uppland;2018-09-04;image442.jpg;;
;Gömfröiga;Höga buskar;Gullregn;;Fabaceae labunum;Källhagen;Sörmland;2017-06-14;image416.jpg;;
Fröväxter;Gömfröiga;Låga buskar;Krypvide;;Salix repens;;;;;;
;Gömfröiga;Låga buskar;Pors;;Myrica gale;;;;;;
;Gömfröiga;Låga buskar;Dvärgbjörk;;Betula nana;;;;;;
;Gömfröiga;Låga buskar;Mistel;;Viscum album;;;;;;
;Gömfröiga;Låga buskar;Krusbär;;Ribes uva-crispa;;;;;;
;Gömfröiga;Låga buskar;Trädgårdsvinbär;;Ribes rubrum;;;;;;
;Gömfröiga;Låga buskar;Svarta vinbär;;Ribes nigrum;;;;;;
;Gömfröiga;Låga buskar;Måbär;;Ribes apinum;Grankullavik;Öland;2017-07-27;image420.jpg;;
;Gömfröiga;Låga buskar;Tibast;;Daphne mezereum;;;;;;
Fröväxter;Gömfröiga;Låga buskar;Blåbär;;Vaccinium myrtillus;Erstavik;Sörmland;2023-07-12;image520.jpg;;
;Gömfröiga;Låga buskar;Lingon;;Vaccinium idaea;Furudal;Dalarna;2017-09-01;image422.jpg;;
;Gömfröiga;Låga buskar;Odon;;Vaccinium uliginosum;;;;;;
;Gömfröiga;Låga buskar;Mjölom;;Arctostaphylos uva-ursi;;;;;;
;Gömfröiga;Låga buskar;Kråkbär;;Empetrum nigrum;;;;;;
;Gömfröiga;Låga buskar;Ljung;;Colluna vulgaris;Nackreserv;Sörmland;2017-08-24;image421.jpg;;
Fröväxter;Gömfröiga;Gräs;Hundäxing;;Dactylis glomerata;Källhagen;Sörmland;2017-06-14;image471.jpg;;
;Gömfröiga;Gräs;Strandråg;;Leymus arenarius;Lycke sand;Öland;2017-07-29;image482.jpg;;
;Gömfröiga;Gräs;Ängshavre;;Arrenatherum pratense;Nackareserv;Sörmland;2017-08-24;image481.jpg;;
;Gömfröiga;Gräs;Ängsull;;Eriophorum angustifolium;Knisa mosse;Öland;2018-05-23;image479.jpg;;
Fröväxter;Gömfröiga;Kaveldunsväxter;Bredkavledun;;Typha latifolia;Böda;Öland;2017-08-02;image424.jpg;;
;Gömfröiga;Kaveldunsväxter;Smalkaveldun;;Typha angustifolia;Djurgården;Sörmland;2018-09-04;image445.jpg;;
Fröväxter;Gömfröiga;Slideväxter;Stor ängssyra;;Rumex thyrsiflorus;Kocktorp;Sörmland;2018-07-08;image405.jpg;;
;Gömfröiga;Slideväxter;Bergssyra;;;;;;;;
;Gömfröiga;Slideväxter;Pilört;;;;;;;;
Fröväxter;Gömfröiga;Slideväxter;Rabarber;;;;;;;;
;Gömfröiga;Korsblommiga;Ryssgubbe;;Bunias orientalis;Hammarby;Sörmland;2017-06-07;bild096.jpg;;
;Gömfröiga;Korsblommiga;Löktrav;;Alliaria petiolata;Källhagen;Sörmland;2017-06-14;image105.jpg;;
;Gömfröiga;Korsblommiga;Åkersenap;;Sinapis arvensis;Gräsö;Uppland;2017-05-07;bild100.jpg;;
;Gömfröiga;Korsblommiga;Sandvita;;Berteroa incana;Böda;Öland;2017-07-30;image452.jpg;;
;Gömfröiga;Korsblommiga;Åkerkårel;;Erysimum cheiranthoides;Källhagen;Sörmland;2017-06-14;image460.jpg;;
;Gömfröiga;Korsblommiga;Tandrot;;Cardamine bulbifera;Södra Greda;Öland;2018-05-24;image462.jpg;;
;Gömfröiga;Korsblommiga;;;;;;;;;
;Gömfröiga;Korsblommiga;;;;;;;;;
Fröväxter;Gömfröiga;Korsblommiga;;;;;;;;;
Fröväxter;Gömfröiga;Korgblommiga;Cikoria;;Cichorium intybus;Föra;Öland;2009-07-10;image123.jpg;;
;Gömfröiga;Korgblommiga;Slåttergubbe;;Arnica montana;Djupvik;Öland;2009-07-14;image115.jpg;;
;Gömfröiga;Korgblommiga;Baldersbrå;;Tripleurospermum inodorum;Nackareserv.;Sörmland;2017-08-24;image117.jpg;;
;Gömfröiga;Korgblommiga;Renfana;;Tanacetum vulgare;Västervik;Småland;2017-08-06;image119.jpg;;
;Gömfröiga;Korgblommiga;Gråbo;;Artemisia vulgaris;Byxelkrok;Öland;2017-07-27;image121.jpg;;
;Gömfröiga;Korgblommiga;Åkertistel;;Circium arvense;Böda ;Öland;2017-07-25;image039.jpg;;
;Gömfröiga;Korgblommiga;Rölleka;;Acheiella millefolium;Källhagen;Sörmland;2017-07-19;image037.jpg;;
;Gömfröiga;Korgblommiga;Prästkrage;;Leucanthemum vulgare;Gräsö;Uppland;2017-07-05;image033.jpg;;
;Gömfröiga;Korgblommiga;Strandaster;;Tripolium vulgare;Byxelkrok;Öland;2017-07-26;image111.jpg;;
Fröväxter;Gömfröiga;Korgblommiga;Ängshaverot;;Tragopogon pratensis;Källhagen;Sörmland;2017-07-19;image031.jpg;;
;Gömfröiga;Korgblommiga;Gråfibbla;;Pilosella officinarum;Gräsö;Uppland;2017-07-05;image035.jpg;;
;Gömfröiga;Korgblommiga;Sommarfibbla;;Leontodon hispidus;Byxelkrok;Öland;2017-07-26;image208.jpg;;
;Gömfröiga;Korgblommiga;Höstfibbla;;Leontodon autumnalis;Källhagen;Sörmland;2018-10-15;image484.jpg;;
;Gömfröiga;Korgblommiga;Flockfibbla;;Hieracium umbellatum;Lilla Horn;Öland;2917-08-03;image489.jpg;;
;Gömfröiga;Korgblommiga;Liten kardborre;;Arctium minus;Böda ;Öland;2017-07-29;image209.jpg;;
;Gömfröiga;Korgblommiga;Maskros;;Taraxacum;Järvafältet;Uppland;2018-05-10;image313.jpg;;
;Gömfröiga;Korgblommiga;Hästhovsört;;Tussilago farfara;Nackareserv;Sörmland;2018-05-05;image314.jpg;;
 ;Gömfröiga;Korgblommiga;Rödfibbla;;Hieracium aurantiacum;Källhagen;Sörmland;2017-06-14;image334.jpg;;
Fröväxter;Gömfröiga;Korgblommiga;Tusensköna;;Bellis perennis;Högenäs Orde;Öland;2018-05-20;image337.jpg;;
Fröväxter;Gömfröiga;Korgblommiga;Solros;;Helianthus annuus;Djurgården;Uppland;2018-09-04;image446.jpg;;
Fröväxter;Gömfröiga;Korgblommiga;Svinrot;;Scorzonera humulis;Byrum Sandvik;Öland;2018-05-22;image447.jpg;;
;Gömfröiga;Korgblommiga;Vårkorsört;;Senecio vernalis;Neptuni åkrar;Öland;2018-05-22;image448.jpg;;
;Gömfröiga;Korgblommiga;Väddklint;;Centaurea scabiosa;Böda ;Öland;2017-07-30;image464.jpg;;
Fröväxter;Gömfröiga;Ärtväxter;Kråkvicker;;Vicia cracca;Källhagen;Uppland;2017-06-14;image202.jpg;;
Fröväxter;Gömfröiga;Ärtväxter;Skogsvicker;;Vicia sylvatica;Källhagen;Uppland;2017-06-14;image293.jpg;;
;Gömfröiga;Ärtväxter;Gulvial;;Lathyrus pratensis;Gräsö;Uppland;2017-07-05;image204.jpg;;
;Gömfröiga;Ärtväxter;Backvial;;Lathyrus sylvestris;Byxelkrok;Öland;2017-07-27;image205.jpg;;
;Gömfröiga;Ärtväxter;Rödklöver;;Trifolium pratense;Harängen;Uppland;2019-06-22;image1014.JPG;;
;Gömfröiga;Ärtväxter;Skogsklöver;;Trifolium medium;Källahamn;Öland;2018-05-21;image317.jpg;;
;Gömfröiga;Ärtväxter;Kärringtand;;Lotus corniculatus;Högby Orde;Öland;2018-05-20;image316.jpg;;
Fröväxter;Gömfröiga;Ärtväxter;Vitklöver;;Trifolium repens;Källhagen;Sörmland;2018-06-28;image341.jpg;;
;Gömfröiga;Ärtväxter;Liten getväppling;;Anthyllis vulneraria;Högby Orde;Öland;2018-05-20;image455.jpg;;
Fröväxter;Gömfröiga;Ärtväxter;Blomsterlupin;;Lupinus polyphyllus;Källhagen;Sörmland;2017-06-15;image457.jpg;;
Fröväxter;Gömfröiga;Junfrulinväxter;Jungfrulin;;Polygala vulgaris;Ängsö;Uppland;2018-06-10;image473.jpg;;
Fröväxter;Gömfröiga;Näveväxter;Midsommarblomster;;Geranium sylvaticum;Källhagen;Sörmland;2017-06-15;image210.jpg;;
;Gömfröiga;Näveväxter;Blodnäva;;Geranium sanguineum;Harängen;Uppland;2017-06-23;image211.jpg;;
;Gömfröiga;Näveväxter;Flocknäva;;Geranium macrrorhizum;Källahamn;Öland;2018-05-26;image463.jpg;;
;Gömfröiga;Näveväxter;Sparvnäva;;Geranium pusillum;Saltsjö-Duvnäs;Sörmland;2017-08-24;image483.jpg;;
;Gömfröiga;Strävbladsväxter;Förgätmigej;;Myosotis scorpioides;Källhagen;Sörmland;2019-05-26;image1006.JPG;;
;Gömfröiga;Strävbladsväxter;Oxtunga;;Anchusa officinalis;Källahamn;Öland;2018-05-25;image331.jpg;;
Fröväxter;Gömfröiga;Strävbladsväxter;Blåeld;;Echium vulgare;Byxelkrok;Öland;2017-07-27;image393.jpg;;
Fröväxter;Gömfröiga;Strävbladsväxter;;;;;;;;;
;Gömfröiga;Strävbladsväxter;;;;;;;;;
;Gömfröiga;Strävbladsväxter;;;;;;;;;
Fröväxter;Gömfröiga;Strävbladsväxter;;;;;;;;;
Fröväxter;Gömfröiga;Flenörtsväxter;Kungsljus;;Verbascum thapsus;Köpingebro;Skåne;2014-07-04;;;
Fröväxter;Gömfröiga;Flenörtsväxter;Mörkt kungsljus;;Verbascum nigrum;Hemmesta sjöäng;Sörmland;2023-07-15;image530.jpg;;
;Gömfröiga;Flenörtsväxter;Ölandskungsljus;;Verbascum densiflorum;Böda;Öland;2017-08-01;image214.jpg;;
;Gömfröiga;Snyltrotsväxter;Ängskovall;;Melampyrum pratense ;Böda;Öland;2017-07-31;image215.jpg;;
;Gömfröiga;Snyltrotsväxter;Natt och Dag;;Melampyrum memorosum;Ängsö;Uppland;2018-06-10;image304.jpg;;
;Gömfröiga;Snyltrotsväxter;Höskallra;;Rhinanthus serotinus;Hemmesta sjöäng;Sörmland;2023-07-15;image534.jpg;;
;Gömfröiga;Snyltrotsväxter;;;;;;;;;
Fröväxter;Gömfröiga;Fackelblomsterväxter;Fackelblomster;;Lythrum salicaria;Böda;Öland;2017-08-01;image218.jpg;;
;Gömfröiga;Grobladsväxter;Teveronica;;Veronica chamaedrys;Källhagen;Sörmland;2017-06-15;image219.jpg;;
Fröväxter;Gömfröiga;Grobladsväxter;Gulsporre;;Linaria vulgaris;Källhagen;Sörmland;2018-08-24;image437.jpg;;
;Gömfröiga;Grobladsväxter;;;;;;;;;
FRöväxter;Gömfröiga;Grobladsväxter;;;;;;;;;
;Gömfröiga;Grobladsväxter;;;;;;;;;
;Gömfröiga;Grobladsväxter;;;;;;;;;
;Gömfröiga;Grobladsväxter;;;;;;;;;
Fröväxter;Gömfröiga;Grobladsväxter;;;;;;;;;
;Gömfröiga;Grobladsväxter;;;;;;;;;
Fröväxter;Gömfröiga;Vindeväxter;Åkervinda;;Convululus arvensis;Böda;Öland;2017-07-24;image220.jpg;;
;Gömfröiga;Vindeväxter;Snårvinda;;Calystegia sepium;Hemmesta sjöäng;Sörmland;2023-07-15;image526.jpg;;
Fröväxter;Gömfröiga;Dunörtsväxter;Mjölkört (Rallarros);;Chamerion angustifolium;Böda;Öland;2017-08-01;image221.jpg;;
;Gömfröiga;Dunörtsväxter;Rosendunört;;Epilobium hirsutum;Böda;Öland;2017-07-30;image466.jpg;;
F4röväxter;Gömfröiga;Måreväxter;Gulmåra;;Galium verum;Valdemarsvik;Östergötland;2017-07-23;image222.jpg;;
;Gömfröiga;Måreväxter;Färgmåra;;Galium triandrum;Källhagen;Sörmland;2018-06-01;image333.jpg;;
;Gömfröiga;Måreväxter;Vitmåra;;Galium boreale;Hemmesta sjöäng;Sörmland;2023-07-15;image533.jpg;;
;Gömfröiga;Måreväxter;;;;;;;;;
Fröväxter;Gömfröiga;Klockväxter;Stor blåklocka;;Campanula persicifolia;Källhagen;Sörmland;2018-06-23;image339.jpg;;
;Gömfröiga;Klockväxter;Liten blåklocka;;Campanula rotundifolia;Böda;Öland;2017-07-26;image224.jpg;;
;Gömfröiga;Klockväxter;Hässleklocka;;Campanula latifolia;Böda;Öland;2017-07-25;image465.jpg;;
;Gömfröiga;Klockväxter;Ängsklocka;;Campanula patula;Källhagen;Sörmland;2018-09-06;image485.jpg;;
;Gömfröiga;Klockväxter;Nässelklocka;;Campanula trachelium;Källhagen;Sörmland;2019-07-20;image1023.JPG;;
Fröväxter;Gömfröiga;Kaprifolväxter;Åkervädd;;Knautia arvensis;Hemmesta sjöäng;Sörmland;2023-07-15;image529.jpg;;
Fröväxter;Gömfröiga;Kaprifolväxter;Ängsvädd;;Succisa pratensis;Velamsund;Sörmland;2023-07-10;image523.jpg;;
Fröväxter;Gömfröiga;Ranunkelväxter;Smörblomma;;Ranunculus acris;Källahamn;Öland;2018-05-21;image312.jpg;;
;Gömfröiga;Ranunkelväxter;Revsmörblomma;;Ranunculus repens;Källhagen;Sörmland;2017-06-15;image458.jpg;;
;Gömfröiga;Ranunkelväxter;Blåsippa;;Hepatica nobilis;Nackareserv;Sörmland;2018-05-05;image309.jpg;;
;Gömfröiga;Ranunkelväxter;Vitsippa;;Anemone nemorosa;Järvafältet;Uppland;2018-05-10;image310.jpg;;
;Gömfröiga;Ranunkelväxter;Kabbleka;;Caltha palustris;Järvafältet;Uppland;2018-05-10;image311.jpg;;
;Gömfröiga;Ranunkelväxter;Åkerranunkel;;Ranunculus arvensis;Södra Greda;Öland;2018-05-24;image468.jpg;;
;Gömfröiga;Ranunkelväxter;;;;;;;;;
;Gömfröiga;Ranunkelväxter;;;;;;;;;
;Gömfröiga;Ranunkelväxter;;;;;;;;;
;Gömfröiga;Ranunkelväxter;;;;;;;;;
Fröväxter;Gömfröiga;Triftväxter;Trift;;Armeria maritima;Byxelkrok;Öland;2017-07-26;image228.jpg;;
Fröväxter;Gömfröiga;Flockblomstriga;Strätta;;Angelica sylvestris;Hemmesta  sjöäng;Sörmland;2023-07-15;image535.jpg;;
;Gömfröiga;Flockblomstriga;Jätteloka;;Heracleum mantegazzianum;Nybrostrand;Skåne;2014-07-04;image230.jpg;;
;Gömfröiga;Flockblomstriga;Hundloka;;Anthriscus sylvestris;Gräsö;Uppland;2017-07-05;image233.jpg;;
;Gömfröiga;Flockblomstriga;Spenört;;Laserpitium latifolium;Ängsö;Uppland;2018-06-10;image303.jpg;;
;Gömfröiga;Flockblomstriga;Kirskål;;Aegopodium podagraria;Källhagen;Sörmland;2018-06-25;image340.jpg;;
;Gömfröiga;Flockblomstriga;Morot;;Daucus carota;Byxelkrok;Öland;2017-07-27;image451.jpg;;
;Gömfröiga;Flockblomstriga;Bockrot;;Pimpinella saxifraga;Valdemarsvik;Östergötland;2017-07-23;image456.jpg;;
;Gömfröiga;Flockblomstriga;;;;;;;;;
Fröväxter;Gömfröiga;Flockblomstriga;;;;;;;;;
Fröväxter;Gömfröiga;Orkidéer;Adam och Eva;;Dactylorhiza sambucina;Närsholmen;Gotland;2011-05-27;image231.jpg;;
;Gömfröiga;Orkidéer;Ängsnycklar;;Dactylorhiza incarnata;Närsholmen;Gotland;2011-05-27;image232.jpg;;
;Gömfröiga;Orkidéer;St Persnycklar;;Orchis mascula;Högenäs Orde;Öland;2018-05-20;image305.jpg;;
Fröväxter;Gömfröiga;Orkidéer;Johannesnycklar;;Orchis militaris;Hornsjön;Öland;2018-05-20;image308.jpg;;
;Gömfröiga;Orkidéer;Skogsnycklar;;Dactylorhiza maculata fuchsii;Lilla Horn;Öland;2018-05-23;image475.jpg;;
;Gömfröiga;Orkidéer;Krutbrännare;;Neotinea ustulata;Högenäs Orde;Öland;2018-05-20;image306.jpg;;
;Gömfröiga;Orkidéer;Grön nattviol;;Platanthera chloranntha;Petgärde;Öland;2018-05-24;image307.jpg;;
;Gömfröiga;Orkidéer;Vit skogslilja;;Cephalantera longifolia;Lindreservatet;Öland;2018-05-22;image413.jpg;;
;Gömfröiga;Orkidéer;;;;;;;;;
;Gömfröiga;Orkidéer;;;;;;;;;
Fröväxter;Gömfröiga;Fettbladsväxter;Gul fetknopp;;Sedum acre;Gräsö;Uppland;2017-07-05;image234.jpg;;
;Gömfröiga;Fettbladsväxter;Liten fetknopp;;Sedum annum;Knisa Mosse;Öland;2018-05-23;image319.jpg;;
;Gömfröiga;Fettbladsväxter;Vit fetknopp;;Sedum album;Byxelkrok;Öland;2017-07-27;image335.jpg;;
;Gömfröiga;Fettbladsväxter;;;;;;;;;
FRöväxter;Gömfröiga;Kransblommiga;Blåsuga;;Ajuga pyramidalis;Källhagen;Sörmland;2019-05-30;image1007.JPG;;
Fröväxter;Gömfröiga;Kransblommiga;Backtimjan;;Thymus serpyllum;Böda;Öland;2017-07-30;image453.jpg;;
;Gömfröiga;Kransblommiga;;;;;;;;;
;Gömfröiga;Kransblommiga;;;;;;;;;
;Gömfröiga;Kransblommiga;;;;;;; ;;
;Gömfröiga;Kransblommiga;;;;;;;;;
;Gömfröiga;Kransblommiga;;;;;;;;;
;Gömfröiga;Kransblommiga;;;;;;;;;
;Gömfröiga;Kransblommiga;;;;;;;;;
Fröväxter;Gömfröiga;Irisväxter;Svärdslilja;;Iris pseudacorus;Knisa Mosse;Öland;2018-05-23;image315.jpg;;
Fröväxter;Gömfröiga;Irisväxter;;;;;;;;;
Fröväxter;Gömfröiga;Nejlikväxter;Tjärblomster;;Lychnis viscoria;Södra Greda;Öland;2018-05-24;image320.jpg;;
;Gömfröiga;Nejlikväxter;Backnejlika;;Dianthus deltoides;Källhagen;Sörmland;2019-08-14;image1029.JPG;;
;Gömfröiga;Nejlikväxter;Såpnejlika;;Saponaria officinalis;Böda;Öland;2017-08-02;image454.jpg;;
;Gömfröiga;Nejlikväxter;Silverarv;; Cerastium tomentosum;Källhagen;Sörmland;2017-06-14;image459.jpg;;
;Gömfröiga;Nejlikväxter;;;;;;;;;
Fröväxter;Gömfröiga;Nejlikväxter;;;;;;;;;
;Gömfröiga;Nejlikväxter;;;;;;;;;
;Gömfröiga;Nejlikväxter;;;;;;;;;
Fröväxter;Gömfröiga;Nejlikväxter;;;;;;;;;
Fröväxter;Gömfröiga;Stenbräckeväxter;Mandelblomma;;Saxifraga granulata;Högenäs Orde;Öland;2018-05-20;image318..jpg;;
Fröväxter;Gömfröiga;Liljeväxter;Vårlök;;Gagea lutea;Nackareserv;Sörmland;2018-05-05;image321.jpg;;
;Gömfröiga;Liljeväxter;Gräslök;;Allium schoenoprasum;Högenäs Orde;Öland;2018-05-20;image325.jpg;;
;Gömfröiga;Liljeväxter;Ramslök;;Allium ursinum;Ängsö;Uppland;2018-06-10;image330.jpg;;
;Gömfröiga;Liljeväxter;Kungsängslilja;;;;;;;;
Fröväxter;Gömfröiga;Liljeväxter;Trädgårdstulpan;;;;;;;;
Fröväxter;Gömfröiga;Amaryllisväxter;Påsklilja;;Narcissus pseudonarcissus;Källhagen;Sörmland;2018.05-05;image322.jpg;;
;Gömfröiga;Amaryllisväxter;Pingstlilja;;;;;;;;
;Gömfröiga;Amaryllisväxter;Snödroppe;;;;;;;;
Fröväxter;Gömfröiga;Sparrisväxter;Pärlhyasint;;Muscari botryoides;Källhagen;Sörmland;2019-05-18;image1004.JPG;;
;Gömfröiga;Viveväxter;Gullviva;;Primula veris;Källahamn;Öland;2018-05-21;image323.jpg;;
;Gömfröiga;Viveväxter;Majviva;;Primula farinosa;Knisa mosse;Öland;2018-05-23;image324.jpg;;
;Gömfröiga;Viveväxter;Videört;;Lysemachia vulgaris;Kocktorp;Sörmland;2028-07-08;image349.jpg;;
;Gömfröiga;Viveväxter;;;;;;;;;
;Gömfröiga;Viveväxter;;;;;;;;;
Fröväxter;Gömfröiga;Viveväxter;;;;;;;;;
;Gömfröiga;Rosväxter;Smultron;;Fragaria vesca;Källhagen;Sörmland;2019-05-30;image1008.JPG;;
Fröväxter;Gömfröiga;Rosväxter;Jordgubbar;;;;;;;;
;Gömfröiga;Rosväxter;Humleblomster;;Geum rivale;Knisa mosse;Öland;2018-05-23;image326.jpg;;
;Gömfröiga;Rosväxter;Älggräs;;Filipendula ulmaria;Kocktorpssjön;Sörmland;2018-07-08;image344.jpg;;
;Gömfröiga;Rosväxter;Femfingerört;;Potentilla argentea;Byxelkrok;Öland;2017-07-27;image450.jpg;;
Fröväxter;Gömfröiga;Rosväxter;Blodrot;;Potentilla erecta;Harängen;Uppland;2017-06-23;image467.jpg;;
;Gömfröiga;Rosväxter;Nejlikrot;;Geum urbanum;Källhagen;Sörmland;2017-06-13;image469.jpg;;
;Gömfröiga;Rosväxter;;;;;;;;;
;Gömfröiga;Rosväxter;;;;;;;;;
Fröväxter;Gömfröiga;Solvändeväxter;Solvända;;;;;;;;
;Gömfröiga;Solvändeväxter;Ölandssolvända;;Helianthemum oelandicum;Södra Greda;Öland;2018-05-24;image328.jpg;;
Fröväxter;Gömfröiga;Vallmoväxter;Kornvallmo;;Papaver rhoeas;Södviken;Öland;2018-05-25;image329.jpg;;
;Gömfröiga;Vallmoväxter;Rågvallmo;;Papaver dubium;Hammars backar;Skåne;2014-07-04;image477.jpg;;
Fröväxter;Gömfröiga;Vallmoväxter;Skelört;;Chelidonium majus;Tindered;Småland;2018-05-19;image476.jpg;;
;Gömfröiga;Vallmoväxter;;;;;;;;;
Fröväxter;Gömfröiga;Violväxter;Skogsviol;;Viola riviniana;Källhagen;Sörmland;2018-05-15;image336.jpg;;
;;Violväxter;;;;;;;;;
;;Violväxter;;;;;;;;;
;;Violväxter;;;;;;;;;
Fröväxter;Gömfröiga;Linväxter;Klipplin;;Linum austriacum;Knisa;Öland;2018-05-23;image461.jpg;;
Fröväxter;Gömfröiga;Johannesörtsväxter;Fyrkantig johannesört;;Hypericum maculatum;Kocktorp;Sörmland;2018-07-08;image345.jpg;;
;;Johannesörtsväxter;Äkta johannesört;;Hypericum perforatum;Lilla Horn;Öland;2017-08-03;image449.jpg;;
Fröväxter;Gömfröiga;Näckrosväxter;Vit näckros;;Nymphaea alba;Kocktorpssjön;Sörmland;2018-07-08;image342.jpg;;
;;Näckrosväxter;Gul näckros;;Nyphar lutea;Kocktorpssjön;Sörmland;2018-07-08;image343.jpg;;
Fröväxter;Gömfröiga;Nässelväxter;Brännässla;;Urtica dioica;Kocktorp;Sörmland;2018-07-08;image348.jpg;;
;;Nässelväxter;Etternässla;;Urtica urens;;;;;;
Däggdjur;Hovdjur, Gnagare;Hjortdjur, Ekorrar;Älg;hona;Alces alces;Fjärdlång;Uppland;2008-07-25;image350.jpg;;
;Hovdjur, Gnagare;Hjortdjur, Ekorrar;Älgko med kalvar;hona;Alces alces;Källhagen;Sörmland;2014-07-09;image351.jpg;;
;Hovdjur , Gnagare;Hjortdjur, Ekorrar;Råbock;hane;Capreolus capreolus;Källhagen;Sörmland;2009-07-19;image352.jpg;;
;Hovdjur, Gnagare;Hjortdjur, Ekorrar;Rådjur ;hona;Capreolus capreolus;Källhagen;Sörmland;2012-06-15;image358.jpg;;
;Hovdjur, Gnagare;Hjortdjur, Ekorrar;Rådjurskid;;Capreolus capreolus;Källhagen;Sörmland;2012-06-15;image359.jpg;;
;Hovdjur, Gnagare;Hjortdjur, Ekorrar;Ren;;Rangifur tarndus;Handöl;Jämtland;2010-06-17;image360.jpg;;
;Hovdjur, Gnagare;Hjortdjur, Ekorrar;Dovhjort;;Cervus dama;Nackreserv;Sörmland;2023-07-12;image525.jpg;;
;Hovdjur, Gnagare;Hjortdjur, Ekorrar;Ekorre;;Sciurus vulgaris;Källhagen;Sörmland;2019-09-08;image1032.JPG;;
;Hovdjur, Gnagare;Hjortdjur, Ekorrar;Ekorre;;Sciurus vulgaris;Furudal;Dalarna;2017-08-31;image354.jpg;;
Däggdjur;Hardjur, Gnagare, Rovdjur;Harar, Råttdjur, Rävar;Fälthare;;Lepus europaeus;Källhagen;Sörmland;2017-05-20;image356.jpg;;
;Hardjur, Gnagare, Rovdjur;Harar, Råttdjur, Rävar;Större skogsmus;;Apodemus flavicollis;Söderåsen;Skåne;2010-05-22;image357.jpg;;
;Hardjur, Gnagare, Rovdjur;Harar, Råttdjur, Rävar;Rödräv;;Apodemus flavicollis;Tåtorp;Västergötland;2010-07-26;image363.jpg;;
Kräldjur;Ödlor;Kopparödlor;Kopparödla;;Anguis fragilis;Rödlöga;Uppland;2007-08-19;image364.jpg;;
Kräldjur;Fjällbärande kräldjur;Snokar;Vanlig snok;;Natrix natrix;Tyresta;Sörmland;2020-05-07;image509.jpg;;
Groddjur;Grodor;Stjärtlösa groddjur;Vanlig padda;;Bufo bufo;Söderåsen;Skåne;2010-05-21;image365.jpg;;
Insekter;Fjärilar;Ädelfjärilar;Skogsnätfjäril;;Melitaea athalia;Böda;Öland;2017-08-02;Image200.jpg;;
;Fjärilar;Ädelfjärilar;Ängsnätfjäril;;Melitaea cinixia;Östra Södvik;Öland;2018-05-25;image366.jpg;;
;Fjärilar;Ädelfjärilar;Silverstreckad pärlemorfjäril;;Argynnis phaia;Böda;Öland;2017-08-02;Image201.jpg;;
;Fjärilar;Ädelfjärilar;Ängspärlemorfjäril;;Argynnis aglaja;Böda;Öland;2017-07-30;image015.jpg;;
;Fjärilar;Ädelfjärilar;Storfläckig pärlemorfjäril;;Isshoria lathonia;Velambsund;Sörmland;2018-08-22;image432.jpg;;
;Fjärilar;Ädelfjärilar;Amiral;;Vanessa atalanta;Böda;Öland;2017-08-05;image106.jpg;;
;Fjärilar;Ädelfjärilar;Sorgmantel;;Nymphalis antiopa;Nacka;Sörmland;2017-08-24;image.jpg;;
;Fjärilar;Ädelfjärilar;Tistelfjäril;;Cynthis cardui;Magderud;Västergötland;2010-07-27;image017.jpg;;
;Fjärilar;Ädelfjärilar;Nässelfjäril;;Aglais uticae;Böda;Öland;2010-08-04;image023.jpg;;
Insekter;Fjärilar;Ädelfjärilar;Påfågelöga;;Iachis io;Böda ;Öland ;2010-08-04;image025.jpg;;
;;Ädelfjärilar;Luktgräsfjäril;;Aphantopus hyperantus;Böda;Öland;2017-07-25;image027.jpg;;
;;Ädelfjärilar;Slåttergräsfjäril;;Maniola jurtina;Böda;Öland;2017-07-25;image367.jpg;;
;;Ädelfjärilar;Körsbärsfuks;;Nymphalis polychloros;Källhagen;Sörmland;2018-07-07;image373.jpg;;
Insekter;Fjärilar;Vitfjärilar;Citronfjäril;hane;Gonepteryx rhamni;Byxelkrok;Öland;2017-07-27;image368.jpg;;
;;Vitfjärilar;Citronfjäril;hona;Gonepteryx rhamni;Böda;Öland;2017-07-31;image369.jpg;;
;;Vitfjärilar;Rovfjäril;;Pieris rapae;Böda;Öland;2017-07-30;image400.jpg;;
Insekter;Fjärilar;Juvelvingar;Puktörneblåvinge;;Polymmatus icarus;Böda;Öland;2017-07-31;image370.jpg;;
Insekter;Fjärilar;Juvelvingar;Mindre guldvinge;;Lycaena phaleas;Böda;Öland;2017-07-30;image490.jpg;;
Insekter;Fjärilar;Gräsfjärilar;Kvickgräsfjäril;;Parage aegeria;Södra Greda;Öland;2018-05-24;image401.jpg;;
Insekter;Fjärilar;Tjockhuvuden;Mindre tåtelsmyg;;Thymelicus lineola;Hemmesta sjöäng;Sörmland;2023-07-15;image527.jpg;;
Insekter;Fjärilar;Bastardsvärmare;Allmän bastardsvärmare;;Zygaena filipendulae;Trollskogen;Öland;2017-08-04;image371.jpg;;
Insekter;Fjärilar;Mätarfjärilar;Större björkmätare;;Biston betularia;Källahamn;Öland;2018-05-21;image372.jpg;;
Insekter;Fjärilar;Mätarfjärilar;Brun flickfjäril;;Archiearis parthenias;Källhagen;Sörmland;2019-07-10;image1017.JPG;;
Insekter;Steklar;Getingar;Vanlig geting;;Vespula vulgaris;Källhagen;Sörmland;2017-06-06;image374.jpg;;
;Steklar;Getingar;Bålgeting;;Vespa crabo;;;;;;
Insekter;Steklar;Bin och humlor;Hushumla;;Bombus hypnorum;Böda;Öland;2017-07-25;image375.jpg;;
;Steklar;Bin och humlor;Trädgårdshumla;;Bombus hortorum;Böda;Öland;2017-07-30;image376.jpg;;
;Steklar;Bin och humlor;Stenhumla;;Bombus lapidarius;Böda;Öland;2017-07-30;image377.jpg;;
;Steklar;Bin och humlor;Jordhumla;;Bombus terrestris;Böda;Öland;2017-07-30;image378.jpg;;
;Steklar;Bin och humlor;Ängshumla;;Bombus pratorum;Harängen;Uppland;2018-06-23;image397.jpg;;
;Steklar;Bin och humlor;Trädgårdssnylthumla;;Bombus barbutellus;Harängen;Uppland;2018-06-23;image398.jpg;;
Insekter;Steklar;Bin och humlor;Blåmurarbi;;Osmia caerulescens;Böda;Öland;2017-07-30;image379.jpg;;
Insekter;Steklar;Myror;Vanlig stackmyra;;Formica rufa;Velambsund;Sörmland;2023-07-10;image519.jpg;;
Insekter;Steklar;Myror;Myrstack;;;Erstavik;Sörmland;2023-07-12;image521.jpg;;
Insekter;Tvåvingar;Myggor;Harkrank;;Tipulomorpha;Källhagen;Sörmland;2021-06-22;image518.JPG;;
Insekter;Tvåvingar;Flugor;Guldfluga;;Lucilia sericata;Velambsund;Sörmland;2018-08-22;image433.jpg;;
Insekter;Skalbaggar;Kardinalbaggar;Större kardinalbagge;;Pyrochroa coccinea);Sandemar;Sörmland;2020-05-28;image513.jpg;;
Insekter;Skalbaggar;Kardinalbaggar;;;;;;;;;
Insekter;Skalbaggar;Jordlöpare;Läderlöpare;;Carabus coriaceus;Källhagen;Sörmland;2020-05-30;image506.jpg;;
Insekter;Skalbaggar;Jordlöpare;Bokskogslöpare;;Carabus intricatus;Stenshuvud;Skåne;2010-05-19;image380.jpg;;
Insekter;Skalbaggar;Jordlöpare;Purpurlöpare;;Carabus violaceus;Ammarnäs;Lappland;2012-06-18;image385.jpg;;
Insekter;Skalbaggar;Tordyvlar;Stor tordyvel;;Geotrupes stercorarius;Böda;Öland;2017-07-31;image381.jpg;;
Insekter;Skalbaggar;Tordyvlar;Vårtordyvel;;Typocopris vernalis;Nackareservatet;Sörmland;2023-07-12;image524.jpg;;
Insekter;Skalbaggar;Långhorningar;Gulröd blombock;;Anoplodera rubra;Runmarö;Sörmland;2013-08-15;image382.jpg;;
Insekter;Skalbaggar;Långhorningar;Fläckig blombock;;Leptura quadrifasciata;Böda;Öland;2017-07-30;image383.jpg;;
Insekter;Skalbaggar;Bladhorningar;Gräsgrön guldbagge;;Cetonia aurata;Hornsjön;Öland;2018-05-20;image384.jpg;;
Insekter;Skalbaggar;Svartbaggar;Ullbagge;;Lagria hirta;Källhagen;Sörmland;2019-08-08;image1028.JPG;;
Insekter;Skalbaggar;Nyckelpigor;2-prickig nyckelpiga;;Adalia bipunctata;Källhagen;Sörmland;2020-07-01;image503.jpg;;
Insekter;Skalbaggar;Nyckelpigor;7-prickig nyckelpiga;;Cocinella septumpunctata;Källhagen;Sörmland;2019-06-15;image1012.JPG;;
Insekter;Skalbaggar;Nyckelpigor;Larv av nyckelpiga;;;Källhagen;Sörmland;2019-07-01;image1016.JPG;;
Insekter;Skalbaggar;Nyckelpigor;22-prickig nyckelpiga;;Psyllobora vigintiduopuctata;Boo-badet;Sörmland;2019-07-25;image1026.JPG;;
Insekter;Skalbaggar;Nyckelpigor;6-prickig nyckelpiga;;Epilachna chrysomelina;Källhagen;Sörmland;2020-07-10;image504.jpg;;
Insekter;Hopprätvingar;Gräshoppor;Grön ängsgräshoppa;;Omocestus viridulus;Högenäs orde;Öland;2017-08-03;image491.jpg;;
Insekter;Hopprätvingar;Gräshoppor;Rödgumpgräshoppa;;Omocestus ventralis;Källhagen;Sörmland;2020-07-18;image508.jpg;;
Insekter;Halvvingar;Ängrar;Stor mjölbagge;;Tenebrio molitor;Källhagen;Sörmland;2017-06-13;image386.jpg;;
Insekter;Halvvingar;Fröskinnbaggar;Riddarskinnbagge;;Lygaeus equestris;Källhagen;Sörmland;2017-05-27;image387.jpg;;
Insekter;Halvvingar;Bärfisar;;;;Källhagen;Sörmland;2018-07-21;image388.jpg;;
Insekter;Halvvingar;Bärfisar;Hagtornsbärfis;;Acanthosoma haemorrhoidale;Källhagen;Sörmland;2020-07-01;image502.jpg;;
Insekter;Halvvingar;Bärfisar;;;Picomerus bidens;Källhagen;Sörmland;2019-07-13;image1021.JPG;;
Insekter;Trollsändor;Jungfru- och flicksländor;Allmän blå flickslända;;Enallagma cyathigerum;Trollskogen;Öland;2017-08-05;image389.jpg;;
Insekter;Trollsländor;Egentliga trollsländor;Brun mosaiktrollslända;;Aeshna grandis;Knisa mosse;Öland;2018-05-23;image390.jpg;;
Insekter;Trollsändor;Egentliga trollsländor;Tegelröd ängstrollslända;;Sympetrum vulgatum;Lännersta sjöäng;Sörmland;2023-07-15;image528.jpg;;
;Trollsändor;Egentliga trollsländor;Blodröd ängstrollslända;;Sympetrum sanguineum;Velambsund;Sörmland;2018-08-22;image434.jpg;;
;Trollsländor;Egentliga trollsländor;Glanstrollslända;;Somatochlora metallica;Velambsund;Sörmland;2018-08-22;image435.jpg;;
Insekter;Tvestjärtar;Tvestjärtar;Vanlig tvestjärt;Hane;Forficula auricularia;Källhagen;Sörmland;2018-10-06;image488.jpg;;
Spindeldjur;Gripkäksspindlar;Trattspindlar;Stor husspindel;;Eratigena atrica;Källhagen;Sörmland;2019-06-07;image1009.JPG;;
Spindeldjur;Fästingar;Hårda fästingar;Vanlig fästing;Hona;Ioxdes ricinus;Källhagen;Sörmland;2020-06-27;image501.jpg;;
Snäckor;Lungsnäckor;Skogssniglar, Storsnäckor;Svart skogssnigel;;Arion ater;Harängen;Uppland;2017-06-23;image392.jpg;;
;Lungsnäckor;Skogssniglar, Storsnäckor;Vinbergssnäcka;;Helix pomatia;Källhagen;Sörmland;2017-06-11;image391.jpg;;
;Lungsnäckor;Skogssniglar, Storsnäckor;Spansk skogssnigel;;Arion vulgaris;Källhagen;Sörmland;2020-06-19;image500.JPG;;
Olle1;Olle2;Olle3;Olle4;;olle5;olle6;olle7;2020-11-11;image1000.jpg;;
